[
{ "tag": "HTML5", "name": "HTML5 LocalStorage API", "description": "HTML5 LocalStorage API,Client Side Storage" },
        { "tag": "HTML5", "name": "HTML5 GeoLocations API", "description": "HTML5 GeoLocations API,Used to Find Location" },
        { "tag": "JavaScript", "name": "JavaScript Tips And Tricks", "description": "Some Useful Javascript tips and tricks" },
        { "tag": "JavaScript", "name": "JavaScript Tutorials", "description": "JavaScript Tutorials" },
        { "tag": "CSS3", "name": "CSS3 Animations", "description": "CSS3 Animations" },
        { "tag": "CSS3", "name": "CSS3 Tutorial", "description": "CSS3 Tutorial" }
]